Date,Started At,Result,Opponent,My Lore,Opponent Lore,Turns,Duration,Source,Turn Order,Queue,My Colors,Opponent Colors,Match Format,Match Score,MMR Before,MMR After,Decklist
2026-03-09,2026-03-09 16:26:09 UTC,Loss,Khaelstorm,0,9,7,6m,Matchmaking,OTP,Set 11 BO1,Amethyst/Sapphire,Amber/Steel,BO1,,1178,1171,4x Basil - Practiced Detective; 4x Cheshire Cat - Inexplicable; 4x Demona - Scourge of the Wyvern Clan; 4x Dumbo - Ninth Wonder of the Universe; 4x Elsa - The Fifth Spirit; 2x Hades - Infernal Schemer; 4x Hades - Looking for a Deal; 4x Iago - Giant Spectral Parrot; 3x Into the Unknown; 4x Isis Vanderchill - Ice Queen of St. Canard; 4x Junior Woodchuck Guidebook; 4x Let It Go; 1x Olaf - Helping Hand; 4x Rafiki - Mystical Fighter; 4x Sail the Azurite Sea; 2x Tigger - Bouncing All the Way; 4x Tipo - Growing Son
2026-03-09,2026-03-09 16:17:23 UTC,Loss,TSR-Nmzs,4,19,11,9m,Matchmaking,OTP,Set 11 BO1,Amethyst/Sapphire,Amber/Emerald,BO1,,1181,1178,4x Basil - Practiced Detective; 4x Cheshire Cat - Inexplicable; 4x Demona - Scourge of the Wyvern Clan; 4x Dumbo - Ninth Wonder of the Universe; 4x Elsa - The Fifth Spirit; 2x Hades - Infernal Schemer; 4x Hades - Looking for a Deal; 4x Iago - Giant Spectral Parrot; 3x Into the Unknown; 4x Isis Vanderchill - Ice Queen of St. Canard; 4x Junior Woodchuck Guidebook; 4x Let It Go; 1x Olaf - Helping Hand; 4x Rafiki - Mystical Fighter; 4x Sail the Azurite Sea; 2x Tigger - Bouncing All the Way; 4x Tipo - Growing Son
2026-03-09,2026-03-09 15:11:07 UTC,Win,Antonio,11,7,14,15m,Matchmaking,OTD,Set 11 BO1,Amethyst/Sapphire,Amethyst/Steel,BO1,,1169,1181,4x Basil - Practiced Detective; 4x Cheshire Cat - Inexplicable; 4x Demona - Scourge of the Wyvern Clan; 4x Dumbo - Ninth Wonder of the Universe; 4x Elsa - The Fifth Spirit; 2x Hades - Infernal Schemer; 4x Hades - Looking for a Deal; 4x Iago - Giant Spectral Parrot; 3x Into the Unknown; 4x Isis Vanderchill - Ice Queen of St. Canard; 4x Junior Woodchuck Guidebook; 4x Let It Go; 1x Olaf - Helping Hand; 4x Rafiki - Mystical Fighter; 4x Sail the Azurite Sea; 2x Tigger - Bouncing All the Way; 4x Tipo - Growing Son
2026-03-09,2026-03-09 14:08:31 UTC,Win,Blink,20,2,10,8m,Matchmaking,OTP,Set 11 BO1,Amethyst/Sapphire,Amber/Ruby,BO1,,1160,1169,4x Basil - Practiced Detective; 4x Cheshire Cat - Inexplicable; 4x Demona - Scourge of the Wyvern Clan; 4x Dumbo - Ninth Wonder of the Universe; 4x Elsa - The Fifth Spirit; 2x Hades - Infernal Schemer; 4x Hades - Looking for a Deal; 4x Iago - Giant Spectral Parrot; 3x Into the Unknown; 4x Isis Vanderchill - Ice Queen of St. Canard; 4x Junior Woodchuck Guidebook; 4x Let It Go; 1x Olaf - Helping Hand; 4x Rafiki - Mystical Fighter; 4x Sail the Azurite Sea; 2x Tigger - Bouncing All the Way; 4x Tipo - Growing Son
2026-03-09,2026-03-09 14:01:46 UTC,Loss,Togna,0,19,8,6m,Matchmaking,OTD,Set 11 BO1,Amethyst/Sapphire,Amber/Steel,BO1,,1171,1160,4x Basil - Practiced Detective; 4x Cheshire Cat - Inexplicable; 4x Demona - Scourge of the Wyvern Clan; 4x Dumbo - Ninth Wonder of the Universe; 4x Elsa - The Fifth Spirit; 2x Hades - Infernal Schemer; 4x Hades - Looking for a Deal; 4x Iago - Giant Spectral Parrot; 3x Into the Unknown; 4x Isis Vanderchill - Ice Queen of St. Canard; 4x Junior Woodchuck Guidebook; 4x Let It Go; 1x Olaf - Helping Hand; 4x Rafiki - Mystical Fighter; 4x Sail the Azurite Sea; 2x Tigger - Bouncing All the Way; 4x Tipo - Growing Son
2026-03-09,2026-03-09 07:50:29 UTC,Loss,WS,14,19,13,10m,Matchmaking,OTP,Set 11 BO1,Amethyst/Sapphire,Sapphire/Steel,BO1,,1178,1171,4x Basil - Practiced Detective; 4x Cheshire Cat - Inexplicable; 4x Demona - Scourge of the Wyvern Clan; 4x Dumbo - Ninth Wonder of the Universe; 4x Elsa - The Fifth Spirit; 2x Genie - Wish Fulfilled; 4x Hades - Infernal Schemer; 4x Hades - Looking for a Deal; 4x Iago - Giant Spectral Parrot; 3x Into the Unknown; 3x Isis Vanderchill - Ice Queen of St. Canard; 4x Junior Woodchuck Guidebook; 4x Let It Go; 4x Rafiki - Mystical Fighter; 4x Sail the Azurite Sea; 4x Tipo - Growing Son
2026-03-09,2026-03-09 07:45:10 UTC,Loss,AndysOtherToy,2,20,10,5m,Matchmaking,OTP,Set 11 BO1,Amethyst/Sapphire,Amethyst/Steel,BO1,,1192,1178,4x Basil - Practiced Detective; 4x Cheshire Cat - Inexplicable; 4x Demona - Scourge of the Wyvern Clan; 4x Dumbo - Ninth Wonder of the Universe; 4x Elsa - The Fifth Spirit; 2x Genie - Wish Fulfilled; 4x Hades - Infernal Schemer; 4x Hades - Looking for a Deal; 4x Iago - Giant Spectral Parrot; 3x Into the Unknown; 3x Isis Vanderchill - Ice Queen of St. Canard; 4x Junior Woodchuck Guidebook; 4x Let It Go; 4x Rafiki - Mystical Fighter; 4x Sail the Azurite Sea; 4x Tipo - Growing Son
2026-03-09,2026-03-09 07:12:07 UTC,Win,Danieri99,2,2,9,6m,Matchmaking,OTD,Set 11 BO1,Amethyst/Sapphire,Amethyst/Steel,BO1,,1179,1192,4x Basil - Practiced Detective; 4x Cheshire Cat - Inexplicable; 4x Demona - Scourge of the Wyvern Clan; 4x Dumbo - Ninth Wonder of the Universe; 4x Elsa - The Fifth Spirit; 2x Genie - Wish Fulfilled; 4x Hades - Infernal Schemer; 4x Hades - Looking for a Deal; 4x Iago - Giant Spectral Parrot; 3x Into the Unknown; 3x Isis Vanderchill - Ice Queen of St. Canard; 4x Junior Woodchuck Guidebook; 4x Let It Go; 4x Rafiki - Mystical Fighter; 4x Sail the Azurite Sea; 4x Tipo - Growing Son
2026-03-09,2026-03-09 07:05:48 UTC,Loss,JoeryBeer,9,8,9,6m,Matchmaking,OTD,Set 11 BO1,Amethyst/Sapphire,Amber/Emerald,BO1,,1193,1179,4x Basil - Practiced Detective; 4x Cheshire Cat - Inexplicable; 4x Demona - Scourge of the Wyvern Clan; 4x Dumbo - Ninth Wonder of the Universe; 4x Elsa - The Fifth Spirit; 2x Genie - Wish Fulfilled; 4x Hades - Infernal Schemer; 4x Hades - Looking for a Deal; 4x Iago - Giant Spectral Parrot; 3x Into the Unknown; 3x Isis Vanderchill - Ice Queen of St. Canard; 4x Junior Woodchuck Guidebook; 4x Let It Go; 4x Rafiki - Mystical Fighter; 4x Sail the Azurite Sea; 4x Tipo - Growing Son
2026-03-08,2026-03-08 22:22:33 UTC,Loss,Buckets of Lorcana,1,16,10,6m,Matchmaking,OTP,Set 11 BO1,Amethyst/Sapphire,Amber/Steel,BO1,,1201,1193,4x Basil - Practiced Detective; 4x Cheshire Cat - Inexplicable; 4x Demona - Scourge of the Wyvern Clan; 4x Dumbo - Ninth Wonder of the Universe; 4x Elsa - The Fifth Spirit; 2x Genie - Wish Fulfilled; 4x Hades - Infernal Schemer; 4x Hades - Looking for a Deal; 4x Iago - Giant Spectral Parrot; 3x Into the Unknown; 3x Isis Vanderchill - Ice Queen of St. Canard; 4x Junior Woodchuck Guidebook; 4x Let It Go; 4x Rafiki - Mystical Fighter; 4x Sail the Azurite Sea; 4x Tipo - Growing Son
2026-03-08,2026-03-08 22:10:09 UTC,Loss,Benjamin Martin,15,14,17,12m,Matchmaking,OTD,Set 11 BO1,Amethyst/Sapphire,Emerald/Sapphire,BO1,,1215,1201,4x Basil - Practiced Detective; 4x Cheshire Cat - Inexplicable; 4x Demona - Scourge of the Wyvern Clan; 4x Dumbo - Ninth Wonder of the Universe; 4x Elsa - The Fifth Spirit; 2x Genie - Wish Fulfilled; 4x Hades - Infernal Schemer; 4x Hades - Looking for a Deal; 4x Iago - Giant Spectral Parrot; 3x Into the Unknown; 3x Isis Vanderchill - Ice Queen of St. Canard; 4x Junior Woodchuck Guidebook; 4x Let It Go; 4x Rafiki - Mystical Fighter; 4x Sail the Azurite Sea; 4x Tipo - Growing Son
2026-03-08,2026-03-08 21:56:05 UTC,Loss,Raoul,11,19,13,14m,Matchmaking,OTD,Set 11 BO1,Amethyst/Sapphire,Amethyst/Ruby,BO1,,1230,1215,4x Basil - Practiced Detective; 4x Cheshire Cat - Inexplicable; 4x Demona - Scourge of the Wyvern Clan; 4x Dumbo - Ninth Wonder of the Universe; 4x Elsa - The Fifth Spirit; 2x Genie - Wish Fulfilled; 4x Hades - Infernal Schemer; 4x Hades - Looking for a Deal; 4x Iago - Giant Spectral Parrot; 3x Into the Unknown; 3x Isis Vanderchill - Ice Queen of St. Canard; 4x Junior Woodchuck Guidebook; 4x Let It Go; 4x Rafiki - Mystical Fighter; 4x Sail the Azurite Sea; 4x Tipo - Growing Son
2026-03-08,2026-03-08 21:49:38 UTC,Loss,Hoang,1,19,7,6m,Matchmaking,OTD,Set 11 BO1,Amethyst/Sapphire,Amber/Steel,BO1,,1242,1230,4x Basil - Practiced Detective; 4x Cheshire Cat - Inexplicable; 4x Demona - Scourge of the Wyvern Clan; 4x Dumbo - Ninth Wonder of the Universe; 4x Elsa - The Fifth Spirit; 2x Genie - Wish Fulfilled; 4x Hades - Infernal Schemer; 4x Hades - Looking for a Deal; 4x Iago - Giant Spectral Parrot; 3x Into the Unknown; 3x Isis Vanderchill - Ice Queen of St. Canard; 4x Junior Woodchuck Guidebook; 4x Let It Go; 4x Rafiki - Mystical Fighter; 4x Sail the Azurite Sea; 4x Tipo - Growing Son
2026-03-08,2026-03-08 21:36:19 UTC,Loss,[MHL] Aline,11,21,10,13m,Matchmaking,OTD,Set 11 BO1,Amethyst/Sapphire,Amethyst/Steel,BO1,,1248,1242,4x Basil - Practiced Detective; 4x Cheshire Cat - Inexplicable; 4x Demona - Scourge of the Wyvern Clan; 4x Dumbo - Ninth Wonder of the Universe; 4x Elsa - The Fifth Spirit; 2x Genie - Wish Fulfilled; 4x Hades - Infernal Schemer; 4x Hades - Looking for a Deal; 4x Iago - Giant Spectral Parrot; 3x Into the Unknown; 3x Isis Vanderchill - Ice Queen of St. Canard; 4x Junior Woodchuck Guidebook; 4x Let It Go; 4x Rafiki - Mystical Fighter; 4x Sail the Azurite Sea; 4x Tipo - Growing Son
2026-03-08,2026-03-08 21:34:18 UTC,Win,Mheisenberg,0,0,4,2m,Matchmaking,OTD,Set 11 BO1,Amethyst/Sapphire,Amethyst/Steel,BO1,,1234,1248,4x Basil - Practiced Detective; 4x Cheshire Cat - Inexplicable; 4x Demona - Scourge of the Wyvern Clan; 4x Dumbo - Ninth Wonder of the Universe; 4x Elsa - The Fifth Spirit; 2x Genie - Wish Fulfilled; 4x Hades - Infernal Schemer; 4x Hades - Looking for a Deal; 4x Iago - Giant Spectral Parrot; 3x Into the Unknown; 3x Isis Vanderchill - Ice Queen of St. Canard; 4x Junior Woodchuck Guidebook; 4x Let It Go; 4x Rafiki - Mystical Fighter; 4x Sail the Azurite Sea; 4x Tipo - Growing Son
2026-03-08,2026-03-08 10:05:47 UTC,Win,hepa,20,11,17,11m,Matchmaking,OTP,Set 11 BO1,Amethyst/Sapphire,Emerald/Sapphire,BO1,,1218,1234,4x Basil - Practiced Detective; 4x Cheshire Cat - Inexplicable; 4x Demona - Scourge of the Wyvern Clan; 4x Dumbo - Ninth Wonder of the Universe; 4x Elsa - The Fifth Spirit; 2x Genie - Wish Fulfilled; 4x Hades - Infernal Schemer; 4x Hades - Looking for a Deal; 4x Iago - Giant Spectral Parrot; 3x Into the Unknown; 3x Isis Vanderchill - Ice Queen of St. Canard; 4x Junior Woodchuck Guidebook; 4x Let It Go; 4x Rafiki - Mystical Fighter; 4x Sail the Azurite Sea; 4x Tipo - Growing Son
2026-03-08,2026-03-08 09:47:46 UTC,Win,SebArt,20,15,9,10m,Matchmaking,OTP,Set 11 BO1,Amethyst/Sapphire,Ruby/Steel,BO1,,1208,1218,4x Basil - Practiced Detective; 4x Cheshire Cat - Inexplicable; 4x Demona - Scourge of the Wyvern Clan; 4x Dumbo - Ninth Wonder of the Universe; 4x Elsa - The Fifth Spirit; 2x Genie - Wish Fulfilled; 4x Hades - Infernal Schemer; 4x Hades - Looking for a Deal; 4x Iago - Giant Spectral Parrot; 3x Into the Unknown; 3x Isis Vanderchill - Ice Queen of St. Canard; 4x Junior Woodchuck Guidebook; 4x Let It Go; 4x Rafiki - Mystical Fighter; 4x Sail the Azurite Sea; 4x Tipo - Growing Son
2026-03-08,2026-03-08 07:49:04 UTC,Win,NewBloodPop,4,6,8,6m,Matchmaking,OTP,Set 11 BO1,Amethyst/Sapphire,Sapphire/Steel,BO1,,1198,1208,4x Basil - Practiced Detective; 4x Cheshire Cat - Inexplicable; 4x Demona - Scourge of the Wyvern Clan; 4x Dumbo - Ninth Wonder of the Universe; 4x Elsa - The Fifth Spirit; 2x Genie - Wish Fulfilled; 4x Hades - Infernal Schemer; 4x Hades - Looking for a Deal; 4x Iago - Giant Spectral Parrot; 3x Into the Unknown; 3x Isis Vanderchill - Ice Queen of St. Canard; 4x Junior Woodchuck Guidebook; 4x Let It Go; 4x Rafiki - Mystical Fighter; 4x Sail the Azurite Sea; 4x Tipo - Growing Son
2026-03-07,2026-03-07 21:54:39 UTC,Loss,Omega,12,16,14,13m,Matchmaking,OTP,Set 11 BO1,Amethyst/Ruby,Amethyst/Ruby,BO1,,1211,1198,4x Cheshire Cat - Inexplicable; 3x Christopher Robin - Joining the Fun; 3x Demona - Scourge of the Wyvern Clan; 3x Diablo - Obedient Raven; 4x Diablo - Watchful Raven; 3x Dolores Madrigal - Easy Listener; 3x Dumbo - Ninth Wonder of the Universe; 4x Elsa - The Fifth Spirit; 3x Genie - Magical Researcher; 4x Genie - Wish Fulfilled; 2x Hades - Looking for a Deal; 4x Junior Woodchuck Guidebook; 4x Lumiere - Fiery Friend; 3x Olaf - Helping Hand; 4x The Headless Horseman - Terror of Sleepy Hollow; 2x The Library - A Gift for Belle; 3x The White Rose - Jewel of the Garden; 4x Tinker Bell - Fancy Footwork
2026-03-07,2026-03-07 21:50:45 UTC,Win,bruhh,16,0,7,4m,Matchmaking,OTP,Set 11 BO1,Amethyst/Ruby,Amber/Sapphire,BO1,,1191,1211,4x Cheshire Cat - Inexplicable; 3x Christopher Robin - Joining the Fun; 3x Demona - Scourge of the Wyvern Clan; 3x Diablo - Obedient Raven; 4x Diablo - Watchful Raven; 3x Dolores Madrigal - Easy Listener; 3x Dumbo - Ninth Wonder of the Universe; 4x Elsa - The Fifth Spirit; 3x Genie - Magical Researcher; 4x Genie - Wish Fulfilled; 2x Hades - Looking for a Deal; 4x Junior Woodchuck Guidebook; 4x Lumiere - Fiery Friend; 3x Olaf - Helping Hand; 4x The Headless Horseman - Terror of Sleepy Hollow; 2x The Library - A Gift for Belle; 3x The White Rose - Jewel of the Garden; 4x Tinker Bell - Fancy Footwork
2026-03-07,2026-03-07 21:43:24 UTC,Win,Hobby Dad,5,2,8,6m,Matchmaking,OTP,Set 11 BO1,Amethyst/Ruby,Amethyst/Steel,BO1,,1181,1191,4x Cheshire Cat - Inexplicable; 3x Christopher Robin - Joining the Fun; 3x Demona - Scourge of the Wyvern Clan; 3x Diablo - Obedient Raven; 4x Diablo - Watchful Raven; 3x Dolores Madrigal - Easy Listener; 3x Dumbo - Ninth Wonder of the Universe; 4x Elsa - The Fifth Spirit; 3x Genie - Magical Researcher; 4x Genie - Wish Fulfilled; 2x Hades - Looking for a Deal; 4x Junior Woodchuck Guidebook; 4x Lumiere - Fiery Friend; 3x Olaf - Helping Hand; 4x The Headless Horseman - Terror of Sleepy Hollow; 2x The Library - A Gift for Belle; 3x The White Rose - Jewel of the Garden; 4x Tinker Bell - Fancy Footwork
2026-03-07,2026-03-07 21:37:33 UTC,Win,Fred Le Sorcier,20,6,8,6m,Matchmaking,OTP,Set 11 BO1,Amethyst/Ruby,Amber/Sapphire,BO1,,1170,1181,4x Cheshire Cat - Inexplicable; 3x Christopher Robin - Joining the Fun; 3x Demona - Scourge of the Wyvern Clan; 3x Diablo - Obedient Raven; 4x Diablo - Watchful Raven; 3x Dolores Madrigal - Easy Listener; 3x Dumbo - Ninth Wonder of the Universe; 4x Elsa - The Fifth Spirit; 3x Genie - Magical Researcher; 4x Genie - Wish Fulfilled; 2x Hades - Looking for a Deal; 4x Junior Woodchuck Guidebook; 4x Lumiere - Fiery Friend; 3x Olaf - Helping Hand; 4x The Headless Horseman - Terror of Sleepy Hollow; 2x The Library - A Gift for Belle; 3x The White Rose - Jewel of the Garden; 4x Tinker Bell - Fancy Footwork
2026-03-07,2026-03-07 21:32:14 UTC,Loss,Shad0w,2,19,8,5m,Matchmaking,OTD,Set 11 BO1,Amethyst/Ruby,Amber/Steel,BO1,,1182,1170,4x Cheshire Cat - Inexplicable; 3x Christopher Robin - Joining the Fun; 3x Demona - Scourge of the Wyvern Clan; 3x Diablo - Obedient Raven; 4x Diablo - Watchful Raven; 3x Dolores Madrigal - Easy Listener; 3x Dumbo - Ninth Wonder of the Universe; 4x Elsa - The Fifth Spirit; 3x Genie - Magical Researcher; 4x Genie - Wish Fulfilled; 2x Hades - Looking for a Deal; 4x Junior Woodchuck Guidebook; 4x Lumiere - Fiery Friend; 3x Olaf - Helping Hand; 4x The Headless Horseman - Terror of Sleepy Hollow; 2x The Library - A Gift for Belle; 3x The White Rose - Jewel of the Garden; 4x Tinker Bell - Fancy Footwork
2026-03-07,2026-03-07 21:06:13 UTC,Loss,Skyara,1,19,9,7m,Matchmaking,OTD,Set 11 BO1,Amethyst/Sapphire,Amethyst/Sapphire,BO1,,1192,1182,4x Basil - Practiced Detective; 4x Cheshire Cat - Inexplicable; 4x Demona - Scourge of the Wyvern Clan; 4x Dumbo - Ninth Wonder of the Universe; 4x Elsa - The Fifth Spirit; 2x Genie - Wish Fulfilled; 4x Hades - Infernal Schemer; 4x Hades - Looking for a Deal; 4x Iago - Giant Spectral Parrot; 3x Into the Unknown; 3x Isis Vanderchill - Ice Queen of St. Canard; 4x Junior Woodchuck Guidebook; 4x Let It Go; 4x Rafiki - Mystical Fighter; 4x Sail the Azurite Sea; 4x Tipo - Growing Son
2026-03-07,2026-03-07 20:54:18 UTC,Win,IMaBURRITOohYeah,14,9,12,12m,Matchmaking,OTD,Set 11 BO1,Amethyst/Sapphire,Sapphire/Steel,BO1,,1176,1192,4x Basil - Practiced Detective; 4x Cheshire Cat - Inexplicable; 4x Demona - Scourge of the Wyvern Clan; 4x Dumbo - Ninth Wonder of the Universe; 4x Elsa - The Fifth Spirit; 2x Genie - Wish Fulfilled; 4x Hades - Infernal Schemer; 4x Hades - Looking for a Deal; 4x Iago - Giant Spectral Parrot; 3x Into the Unknown; 3x Isis Vanderchill - Ice Queen of St. Canard; 4x Junior Woodchuck Guidebook; 4x Let It Go; 4x Rafiki - Mystical Fighter; 4x Sail the Azurite Sea; 4x Tipo - Growing Son
2026-03-07,2026-03-07 10:43:04 UTC,Win,Lemmiwinks,8,5,12,8m,Matchmaking,OTP,Set 11 BO1,Amethyst/Sapphire,Amethyst/Ruby,BO1,,1158,1176,4x Basil - Practiced Detective; 4x Cheshire Cat - Inexplicable; 4x Demona - Scourge of the Wyvern Clan; 4x Dumbo - Ninth Wonder of the Universe; 4x Elsa - The Fifth Spirit; 2x Genie - Wish Fulfilled; 4x Hades - Infernal Schemer; 4x Hades - Looking for a Deal; 4x Iago - Giant Spectral Parrot; 3x Into the Unknown; 3x Isis Vanderchill - Ice Queen of St. Canard; 4x Junior Woodchuck Guidebook; 4x Let It Go; 4x Rafiki - Mystical Fighter; 4x Sail the Azurite Sea; 4x Tipo - Growing Son
2026-03-07,2026-03-07 10:41:17 UTC,Win,Nicolas,0,0,1,1m,Matchmaking,OTD,Set 11 BO1,Amethyst/Sapphire,Amber/Ruby,BO1,,1142,1158,4x Basil - Practiced Detective; 4x Cheshire Cat - Inexplicable; 4x Demona - Scourge of the Wyvern Clan; 4x Dumbo - Ninth Wonder of the Universe; 4x Elsa - The Fifth Spirit; 2x Genie - Wish Fulfilled; 4x Hades - Infernal Schemer; 4x Hades - Looking for a Deal; 4x Iago - Giant Spectral Parrot; 3x Into the Unknown; 3x Isis Vanderchill - Ice Queen of St. Canard; 4x Junior Woodchuck Guidebook; 4x Let It Go; 4x Rafiki - Mystical Fighter; 4x Sail the Azurite Sea; 4x Tipo - Growing Son
2026-03-07,2026-03-07 09:50:58 UTC,Win,FIB-joran100,17,17,16,10m,Matchmaking,OTD,Set 11 BO1,Amethyst/Sapphire,Sapphire/Steel,BO1,,1128,1142,4x Basil - Practiced Detective; 4x Cheshire Cat - Inexplicable; 4x Demona - Scourge of the Wyvern Clan; 4x Dumbo - Ninth Wonder of the Universe; 4x Elsa - The Fifth Spirit; 2x Genie - Wish Fulfilled; 4x Hades - Infernal Schemer; 4x Hades - Looking for a Deal; 4x Iago - Giant Spectral Parrot; 3x Into the Unknown; 3x Isis Vanderchill - Ice Queen of St. Canard; 4x Junior Woodchuck Guidebook; 4x Let It Go; 4x Rafiki - Mystical Fighter; 4x Sail the Azurite Sea; 4x Tipo - Growing Son
2026-03-06,2026-03-06 20:05:50 UTC,Win,MeltShow,9,7,11,11m,Matchmaking,OTD,Set 11 BO1,Amethyst/Sapphire,Amber/Steel,BO1,,1116,1128,4x Basil - Practiced Detective; 4x Cheshire Cat - Inexplicable; 4x Demona - Scourge of the Wyvern Clan; 4x Dumbo - Ninth Wonder of the Universe; 4x Elsa - The Fifth Spirit; 2x Genie - Wish Fulfilled; 4x Hades - Infernal Schemer; 4x Hades - Looking for a Deal; 4x Iago - Giant Spectral Parrot; 3x Into the Unknown; 3x Isis Vanderchill - Ice Queen of St. Canard; 4x Junior Woodchuck Guidebook; 4x Let It Go; 4x Rafiki - Mystical Fighter; 4x Sail the Azurite Sea; 4x Tipo - Growing Son
2026-03-06,2026-03-06 19:59:43 UTC,Win,[TTS]-[TRK]🗻,5,3,8,4m,Matchmaking,OTD,Set 11 BO1,Amethyst/Sapphire,Amethyst/Ruby,BO1,,1100,1116,4x Basil - Practiced Detective; 4x Cheshire Cat - Inexplicable; 4x Demona - Scourge of the Wyvern Clan; 4x Dumbo - Ninth Wonder of the Universe; 4x Elsa - The Fifth Spirit; 2x Genie - Wish Fulfilled; 4x Hades - Infernal Schemer; 4x Hades - Looking for a Deal; 4x Iago - Giant Spectral Parrot; 3x Into the Unknown; 3x Isis Vanderchill - Ice Queen of St. Canard; 4x Junior Woodchuck Guidebook; 4x Let It Go; 4x Rafiki - Mystical Fighter; 4x Sail the Azurite Sea; 4x Tipo - Growing Son
2026-03-06,2026-03-06 19:47:26 UTC,Win,InkAndLore✨Cody,20,17,12,8m,Matchmaking,OTD,Set 11 BO1,Amethyst/Sapphire,Emerald/Steel,BO1,,1086,1100,4x Basil - Practiced Detective; 4x Cheshire Cat - Inexplicable; 4x Demona - Scourge of the Wyvern Clan; 4x Dumbo - Ninth Wonder of the Universe; 4x Elsa - The Fifth Spirit; 2x Genie - Wish Fulfilled; 4x Hades - Infernal Schemer; 4x Hades - Looking for a Deal; 4x Iago - Giant Spectral Parrot; 3x Into the Unknown; 3x Isis Vanderchill - Ice Queen of St. Canard; 4x Junior Woodchuck Guidebook; 4x Let It Go; 4x Rafiki - Mystical Fighter; 4x Sail the Azurite Sea; 4x Tipo - Growing Son
2026-03-06,2026-03-06 19:23:56 UTC,Loss,Buzz,9,14,9,9m,Matchmaking,OTD,Set 11 BO1,Amber/Emerald,Amber/Amethyst,BO1,,1094,1086,4x Bobby Zimuruski - Spray Cheese Kid; 4x Daisy Duck - Donald's Date; 4x Della's Moon Lullaby; 3x Go Go Tomago - Darting Dynamo; 4x Grandmother Willow - Ancient Advisor; 4x Lady - Decisive Dog; 2x Lady - Elegant Spaniel; 4x Lady - Miss Park Avenue; 4x Lilo - Escape Artist; 3x Mickey Mouse - Amber Champion; 2x Mowgli - Man Cub; 4x Nani - Stage Manager; 4x Rhino - One-Sixteenth Wolf; 4x Tramp - Enterprising Dog; 4x Tramp - Street-Smart Dog; 4x Under the Sea; 2x Ursula - Deceiver
2026-03-06,2026-03-06 19:14:19 UTC,Win,Characterantula,20,3,8,9m,Matchmaking,OTP,Set 11 BO1,Amber/Emerald,Amber/Sapphire,BO1,,1083,1094,4x Bobby Zimuruski - Spray Cheese Kid; 4x Daisy Duck - Donald's Date; 4x Della's Moon Lullaby; 3x Go Go Tomago - Darting Dynamo; 4x Grandmother Willow - Ancient Advisor; 4x Lady - Decisive Dog; 2x Lady - Elegant Spaniel; 4x Lady - Miss Park Avenue; 4x Lilo - Escape Artist; 3x Mickey Mouse - Amber Champion; 2x Mowgli - Man Cub; 4x Nani - Stage Manager; 4x Rhino - One-Sixteenth Wolf; 4x Tramp - Enterprising Dog; 4x Tramp - Street-Smart Dog; 4x Under the Sea; 2x Ursula - Deceiver
2026-03-06,2026-03-06 19:08:55 UTC,Loss,Yupac,0,4,7,5m,Matchmaking,OTP,Set 11 BO1,Amber/Emerald,Amethyst/Ruby,BO1,,1095,1083,4x Bobby Zimuruski - Spray Cheese Kid; 4x Daisy Duck - Donald's Date; 4x Della's Moon Lullaby; 3x Go Go Tomago - Darting Dynamo; 4x Grandmother Willow - Ancient Advisor; 4x Lady - Decisive Dog; 2x Lady - Elegant Spaniel; 4x Lady - Miss Park Avenue; 4x Lilo - Escape Artist; 3x Mickey Mouse - Amber Champion; 2x Mowgli - Man Cub; 4x Nani - Stage Manager; 4x Rhino - One-Sixteenth Wolf; 4x Tramp - Enterprising Dog; 4x Tramp - Street-Smart Dog; 4x Under the Sea; 2x Ursula - Deceiver
2026-03-06,2026-03-06 15:04:42 UTC,Win,dont worry about who i am,2,0,7,7m,Matchmaking,OTP,Set 11 BO1,Amber/Emerald,Emerald/Ruby,BO1,,1087,1095,4x Bobby Zimuruski - Spray Cheese Kid; 4x Daisy Duck - Donald's Date; 4x Della's Moon Lullaby; 3x Go Go Tomago - Darting Dynamo; 4x Grandmother Willow - Ancient Advisor; 4x Lady - Decisive Dog; 2x Lady - Elegant Spaniel; 4x Lady - Miss Park Avenue; 4x Lilo - Escape Artist; 3x Mickey Mouse - Amber Champion; 2x Mowgli - Man Cub; 4x Nani - Stage Manager; 4x Rhino - One-Sixteenth Wolf; 4x Tramp - Enterprising Dog; 4x Tramp - Street-Smart Dog; 4x Under the Sea; 2x Ursula - Deceiver
2026-03-06,2026-03-06 15:03:18 UTC,Loss,Oakes,0,0,1,1m,Matchmaking,OTD,Set 11 BO1,Amber/Emerald,Amethyst/Emerald,BO1,,1099,1087,4x Bobby Zimuruski - Spray Cheese Kid; 4x Daisy Duck - Donald's Date; 4x Della's Moon Lullaby; 3x Go Go Tomago - Darting Dynamo; 4x Grandmother Willow - Ancient Advisor; 4x Lady - Decisive Dog; 2x Lady - Elegant Spaniel; 4x Lady - Miss Park Avenue; 4x Lilo - Escape Artist; 3x Mickey Mouse - Amber Champion; 2x Mowgli - Man Cub; 4x Nani - Stage Manager; 4x Rhino - One-Sixteenth Wolf; 4x Tramp - Enterprising Dog; 4x Tramp - Street-Smart Dog; 4x Under the Sea; 2x Ursula - Deceiver
2026-03-06,2026-03-06 13:59:54 UTC,Loss,EndlessParadox12,0,0,3,3m,Matchmaking,OTD,Set 11 BO1,Amethyst/Sapphire,Amethyst/Sapphire,BO1,,1111,1099,4x Basil - Practiced Detective; 4x Cheshire Cat - Inexplicable; 4x Demona - Scourge of the Wyvern Clan; 4x Dumbo - Ninth Wonder of the Universe; 4x Elsa - The Fifth Spirit; 2x Genie - Wish Fulfilled; 4x Hades - Infernal Schemer; 4x Hades - Looking for a Deal; 4x Iago - Giant Spectral Parrot; 3x Into the Unknown; 3x Isis Vanderchill - Ice Queen of St. Canard; 4x Junior Woodchuck Guidebook; 4x Let It Go; 4x Rafiki - Mystical Fighter; 4x Sail the Azurite Sea; 4x Tipo - Growing Son
2026-03-06,2026-03-06 12:51:49 UTC,Win,[TTS] Dashew,20,18,9,12m,Matchmaking,OTD,Set 11 BO1,Amethyst/Sapphire,Amethyst/Emerald,BO1,,1101,1111,4x Basil - Practiced Detective; 4x Cheshire Cat - Inexplicable; 4x Demona - Scourge of the Wyvern Clan; 4x Dumbo - Ninth Wonder of the Universe; 4x Elsa - The Fifth Spirit; 2x Genie - Wish Fulfilled; 4x Hades - Infernal Schemer; 4x Hades - Looking for a Deal; 4x Iago - Giant Spectral Parrot; 3x Into the Unknown; 3x Isis Vanderchill - Ice Queen of St. Canard; 4x Junior Woodchuck Guidebook; 4x Let It Go; 4x Rafiki - Mystical Fighter; 4x Sail the Azurite Sea; 4x Tipo - Growing Son
2026-03-06,2026-03-06 12:32:56 UTC,Loss,NDogAttackU,8,8,8,11m,Matchmaking,OTP,Set 11 BO1,Amethyst/Sapphire,Amber/Emerald,BO1,,1109,1101,4x Basil - Practiced Detective; 4x Cheshire Cat - Inexplicable; 4x Demona - Scourge of the Wyvern Clan; 4x Dumbo - Ninth Wonder of the Universe; 4x Elsa - The Fifth Spirit; 2x Genie - Wish Fulfilled; 4x Hades - Infernal Schemer; 4x Hades - Looking for a Deal; 4x Iago - Giant Spectral Parrot; 3x Into the Unknown; 3x Isis Vanderchill - Ice Queen of St. Canard; 4x Junior Woodchuck Guidebook; 4x Let It Go; 4x Rafiki - Mystical Fighter; 4x Sail the Azurite Sea; 4x Tipo - Growing Son
2026-03-05,2026-03-05 22:24:01 UTC,Win,HappyHeihei,18,14,8,7m,Matchmaking,OTP,Set 11 BO1,Amethyst/Sapphire,Amber/Sapphire,BO1,,1100,1109,4x Basil - Practiced Detective; 4x Cheshire Cat - Inexplicable; 4x Demona - Scourge of the Wyvern Clan; 4x Dumbo - Ninth Wonder of the Universe; 4x Elsa - The Fifth Spirit; 2x Genie - Wish Fulfilled; 4x Hades - Infernal Schemer; 4x Hades - Looking for a Deal; 4x Iago - Giant Spectral Parrot; 3x Into the Unknown; 3x Isis Vanderchill - Ice Queen of St. Canard; 4x Junior Woodchuck Guidebook; 4x Let It Go; 4x Rafiki - Mystical Fighter; 4x Sail the Azurite Sea; 4x Tipo - Growing Son
2026-03-05,2026-03-05 22:14:50 UTC,Loss,Crayercito,5,17,13,9m,Matchmaking,OTP,Set 11 BO1,Amethyst/Sapphire,Sapphire/Steel,BO1,,1115,1100,4x Basil - Practiced Detective; 4x Cheshire Cat - Inexplicable; 4x Demona - Scourge of the Wyvern Clan; 4x Dumbo - Ninth Wonder of the Universe; 4x Elsa - The Fifth Spirit; 2x Genie - Wish Fulfilled; 4x Hades - Infernal Schemer; 4x Hades - Looking for a Deal; 4x Iago - Giant Spectral Parrot; 3x Into the Unknown; 3x Isis Vanderchill - Ice Queen of St. Canard; 4x Junior Woodchuck Guidebook; 4x Let It Go; 4x Rafiki - Mystical Fighter; 4x Sail the Azurite Sea; 4x Tipo - Growing Son
2026-03-05,2026-03-05 21:07:46 UTC,Win,Tenuta,20,5,17,6m,Matchmaking,OTD,Set 11 BO1,Amethyst/Sapphire,Ruby/Sapphire,BO1,,1103,1115,4x Basil - Practiced Detective; 4x Cheshire Cat - Inexplicable; 4x Demona - Scourge of the Wyvern Clan; 4x Dumbo - Ninth Wonder of the Universe; 4x Elsa - The Fifth Spirit; 2x Genie - Wish Fulfilled; 4x Hades - Infernal Schemer; 4x Hades - Looking for a Deal; 4x Iago - Giant Spectral Parrot; 3x Into the Unknown; 3x Isis Vanderchill - Ice Queen of St. Canard; 4x Junior Woodchuck Guidebook; 4x Let It Go; 4x Rafiki - Mystical Fighter; 4x Sail the Azurite Sea; 4x Tipo - Growing Son
2026-03-05,2026-03-05 20:54:50 UTC,Loss,[Æ] eЯRata,9,21,14,12m,Matchmaking,OTD,Set 11 BO1,Amethyst/Sapphire,Amethyst/Steel,BO1,,1110,1103,4x Basil - Practiced Detective; 4x Cheshire Cat - Inexplicable; 4x Demona - Scourge of the Wyvern Clan; 4x Dumbo - Ninth Wonder of the Universe; 4x Elsa - The Fifth Spirit; 2x Genie - Wish Fulfilled; 4x Hades - Infernal Schemer; 4x Hades - Looking for a Deal; 4x Iago - Giant Spectral Parrot; 3x Into the Unknown; 3x Isis Vanderchill - Ice Queen of St. Canard; 4x Junior Woodchuck Guidebook; 4x Let It Go; 4x Rafiki - Mystical Fighter; 4x Sail the Azurite Sea; 4x Tipo - Growing Son
2026-03-05,2026-03-05 16:26:23 UTC,Win,JakeTSD,17,5,11,6m,Matchmaking,OTP,Set 11 BO1,Amethyst/Sapphire,Emerald/Sapphire,BO1,,1097,1110,4x Basil - Practiced Detective; 4x Cheshire Cat - Inexplicable; 4x Demona - Scourge of the Wyvern Clan; 4x Dumbo - Ninth Wonder of the Universe; 4x Elsa - The Fifth Spirit; 2x Genie - Wish Fulfilled; 4x Hades - Infernal Schemer; 4x Hades - Looking for a Deal; 4x Iago - Giant Spectral Parrot; 3x Into the Unknown; 3x Isis Vanderchill - Ice Queen of St. Canard; 4x Junior Woodchuck Guidebook; 4x Let It Go; 4x Rafiki - Mystical Fighter; 4x Sail the Azurite Sea; 4x Tipo - Growing Son
2026-03-05,2026-03-05 16:20:03 UTC,Loss,L'autre,1,18,9,6m,Matchmaking,OTD,Set 11 BO1,Amethyst/Sapphire,Amethyst/Steel,BO1,,1109,1097,4x Basil - Practiced Detective; 4x Cheshire Cat - Inexplicable; 4x Demona - Scourge of the Wyvern Clan; 4x Dumbo - Ninth Wonder of the Universe; 4x Elsa - The Fifth Spirit; 2x Genie - Wish Fulfilled; 4x Hades - Infernal Schemer; 4x Hades - Looking for a Deal; 4x Iago - Giant Spectral Parrot; 3x Into the Unknown; 3x Isis Vanderchill - Ice Queen of St. Canard; 4x Junior Woodchuck Guidebook; 4x Let It Go; 4x Rafiki - Mystical Fighter; 4x Sail the Azurite Sea; 4x Tipo - Growing Son
2026-03-05,2026-03-05 16:16:46 UTC,Loss,LorcanaND,1,19,6,3m,Matchmaking,OTD,Set 11 BO1,Amethyst/Sapphire,Amber/Emerald,BO1,,1119,1109,4x Basil - Practiced Detective; 4x Cheshire Cat - Inexplicable; 4x Demona - Scourge of the Wyvern Clan; 4x Dumbo - Ninth Wonder of the Universe; 4x Elsa - The Fifth Spirit; 2x Genie - Wish Fulfilled; 4x Hades - Infernal Schemer; 4x Hades - Looking for a Deal; 4x Iago - Giant Spectral Parrot; 3x Into the Unknown; 3x Isis Vanderchill - Ice Queen of St. Canard; 4x Junior Woodchuck Guidebook; 4x Let It Go; 4x Rafiki - Mystical Fighter; 4x Sail the Azurite Sea; 4x Tipo - Growing Son
2026-03-05,2026-03-05 16:10:55 UTC,Win,Mango,14,3,9,6m,Matchmaking,OTP,Set 11 BO1,Amethyst/Sapphire,Amethyst/Emerald,BO1,,1107,1119,4x Basil - Practiced Detective; 4x Cheshire Cat - Inexplicable; 4x Demona - Scourge of the Wyvern Clan; 4x Dumbo - Ninth Wonder of the Universe; 4x Elsa - The Fifth Spirit; 2x Genie - Wish Fulfilled; 4x Hades - Infernal Schemer; 4x Hades - Looking for a Deal; 4x Iago - Giant Spectral Parrot; 3x Into the Unknown; 3x Isis Vanderchill - Ice Queen of St. Canard; 4x Junior Woodchuck Guidebook; 4x Let It Go; 4x Rafiki - Mystical Fighter; 4x Sail the Azurite Sea; 4x Tipo - Growing Son
2026-03-05,2026-03-05 07:41:15 UTC,Loss,AntiqueGlobe,7,17,13,10m,Matchmaking,OTD,Set 11 BO1,Amethyst/Sapphire,Amethyst/Emerald,BO1,,1120,1107,4x Basil - Practiced Detective; 2x Belle - Accomplished Mystic; 4x Cheshire Cat - Inexplicable; 4x Demona - Scourge of the Wyvern Clan; 3x Dumbo - Ninth Wonder of the Universe; 4x Elsa - The Fifth Spirit; 2x Genie - Wish Fulfilled; 4x Hades - Infernal Schemer; 3x Hades - Looking for a Deal; 4x Iago - Giant Spectral Parrot; 3x Into the Unknown; 3x Isis Vanderchill - Ice Queen of St. Canard; 4x Junior Woodchuck Guidebook; 4x Let It Go; 4x Rafiki - Mystical Fighter; 4x Sail the Azurite Sea; 4x Tipo - Growing Son
2026-03-05,2026-03-05 07:05:45 UTC,Loss,gHanDi,11,18,11,10m,Matchmaking,OTD,Set 11 BO1,Amethyst/Sapphire,Amber/Steel,BO1,,1131,1120,4x Basil - Practiced Detective; 2x Belle - Accomplished Mystic; 4x Cheshire Cat - Inexplicable; 4x Demona - Scourge of the Wyvern Clan; 3x Dumbo - Ninth Wonder of the Universe; 4x Elsa - The Fifth Spirit; 2x Genie - Wish Fulfilled; 4x Hades - Infernal Schemer; 3x Hades - Looking for a Deal; 4x Iago - Giant Spectral Parrot; 3x Into the Unknown; 3x Isis Vanderchill - Ice Queen of St. Canard; 4x Junior Woodchuck Guidebook; 4x Let It Go; 4x Rafiki - Mystical Fighter; 4x Sail the Azurite Sea; 4x Tipo - Growing Son
2026-03-04,2026-03-04 22:35:37 UTC,Loss,jordan02467,9,12,14,12m,Matchmaking,OTP,Set 11 BO1,Amethyst/Sapphire,Amethyst/Sapphire,BO1,,1144,1131,4x Basil - Practiced Detective; 2x Belle - Accomplished Mystic; 4x Cheshire Cat - Inexplicable; 4x Demona - Scourge of the Wyvern Clan; 3x Dumbo - Ninth Wonder of the Universe; 4x Elsa - The Fifth Spirit; 2x Genie - Wish Fulfilled; 4x Hades - Infernal Schemer; 3x Hades - Looking for a Deal; 4x Iago - Giant Spectral Parrot; 3x Into the Unknown; 3x Isis Vanderchill - Ice Queen of St. Canard; 4x Junior Woodchuck Guidebook; 4x Let It Go; 4x Rafiki - Mystical Fighter; 4x Sail the Azurite Sea; 4x Tipo - Growing Son
2026-03-04,2026-03-04 22:27:35 UTC,Win,revolv,21,0,14,8m,Matchmaking,OTD,Set 11 BO1,Amethyst/Sapphire,Ruby/Sapphire,BO1,,1131,1144,4x Basil - Practiced Detective; 2x Belle - Accomplished Mystic; 4x Cheshire Cat - Inexplicable; 4x Demona - Scourge of the Wyvern Clan; 3x Dumbo - Ninth Wonder of the Universe; 4x Elsa - The Fifth Spirit; 2x Genie - Wish Fulfilled; 4x Hades - Infernal Schemer; 3x Hades - Looking for a Deal; 4x Iago - Giant Spectral Parrot; 3x Into the Unknown; 3x Isis Vanderchill - Ice Queen of St. Canard; 4x Junior Woodchuck Guidebook; 4x Let It Go; 4x Rafiki - Mystical Fighter; 4x Sail the Azurite Sea; 4x Tipo - Growing Son
2026-03-04,2026-03-04 22:15:53 UTC,Loss,Roderick,1,19,12,9m,Matchmaking,OTD,Set 11 BO1,Amethyst/Sapphire,Sapphire/Steel,BO1,,1145,1131,4x Basil - Practiced Detective; 2x Belle - Accomplished Mystic; 4x Cheshire Cat - Inexplicable; 4x Demona - Scourge of the Wyvern Clan; 3x Dumbo - Ninth Wonder of the Universe; 4x Elsa - The Fifth Spirit; 2x Genie - Wish Fulfilled; 4x Hades - Infernal Schemer; 3x Hades - Looking for a Deal; 4x Iago - Giant Spectral Parrot; 3x Into the Unknown; 3x Isis Vanderchill - Ice Queen of St. Canard; 4x Junior Woodchuck Guidebook; 4x Let It Go; 4x Rafiki - Mystical Fighter; 4x Sail the Azurite Sea; 4x Tipo - Growing Son
2026-03-04,2026-03-04 22:06:59 UTC,Win,[WTCG] Grooff853,17,5,14,9m,Matchmaking,OTD,Set 11 BO1,Amethyst/Sapphire,Amethyst/Emerald,BO1,,1129,1145,4x Basil - Practiced Detective; 2x Belle - Accomplished Mystic; 4x Cheshire Cat - Inexplicable; 4x Demona - Scourge of the Wyvern Clan; 3x Dumbo - Ninth Wonder of the Universe; 4x Elsa - The Fifth Spirit; 2x Genie - Wish Fulfilled; 4x Hades - Infernal Schemer; 3x Hades - Looking for a Deal; 4x Iago - Giant Spectral Parrot; 3x Into the Unknown; 3x Isis Vanderchill - Ice Queen of St. Canard; 4x Junior Woodchuck Guidebook; 4x Let It Go; 4x Rafiki - Mystical Fighter; 4x Sail the Azurite Sea; 4x Tipo - Growing Son
2026-03-04,2026-03-04 21:58:47 UTC,Win,Colossus524,17,4,13,8m,Matchmaking,OTD,Set 11 BO1,Amethyst/Sapphire,Emerald/Sapphire,BO1,,1116,1129,4x Basil - Practiced Detective; 2x Belle - Accomplished Mystic; 4x Cheshire Cat - Inexplicable; 4x Demona - Scourge of the Wyvern Clan; 3x Dumbo - Ninth Wonder of the Universe; 4x Elsa - The Fifth Spirit; 2x Genie - Wish Fulfilled; 4x Hades - Infernal Schemer; 3x Hades - Looking for a Deal; 4x Iago - Giant Spectral Parrot; 3x Into the Unknown; 3x Isis Vanderchill - Ice Queen of St. Canard; 4x Junior Woodchuck Guidebook; 4x Let It Go; 4x Rafiki - Mystical Fighter; 4x Sail the Azurite Sea; 4x Tipo - Growing Son
2026-03-04,2026-03-04 21:50:43 UTC,Win,Khoister23,20,16,12,8m,Matchmaking,OTD,Set 11 BO1,Amethyst/Sapphire,Amethyst/Sapphire,BO1,,1106,1116,4x Basil - Practiced Detective; 2x Belle - Accomplished Mystic; 4x Cheshire Cat - Inexplicable; 4x Demona - Scourge of the Wyvern Clan; 3x Dumbo - Ninth Wonder of the Universe; 4x Elsa - The Fifth Spirit; 2x Genie - Wish Fulfilled; 4x Hades - Infernal Schemer; 3x Hades - Looking for a Deal; 4x Iago - Giant Spectral Parrot; 3x Into the Unknown; 3x Isis Vanderchill - Ice Queen of St. Canard; 4x Junior Woodchuck Guidebook; 4x Let It Go; 4x Rafiki - Mystical Fighter; 4x Sail the Azurite Sea; 4x Tipo - Growing Son
2026-03-04,2026-03-04 21:41:42 UTC,Win,JBu,16,2,11,9m,Matchmaking,OTP,Set 11 BO1,Amethyst/Sapphire,Emerald/Ruby,BO1,,1098,1106,4x Basil - Practiced Detective; 2x Belle - Accomplished Mystic; 4x Cheshire Cat - Inexplicable; 4x Demona - Scourge of the Wyvern Clan; 3x Dumbo - Ninth Wonder of the Universe; 4x Elsa - The Fifth Spirit; 2x Genie - Wish Fulfilled; 4x Hades - Infernal Schemer; 3x Hades - Looking for a Deal; 4x Iago - Giant Spectral Parrot; 3x Into the Unknown; 3x Isis Vanderchill - Ice Queen of St. Canard; 4x Junior Woodchuck Guidebook; 4x Let It Go; 4x Rafiki - Mystical Fighter; 4x Sail the Azurite Sea; 4x Tipo - Growing Son
2026-03-04,2026-03-04 21:37:31 UTC,Loss,Clement Hyrec,1,2,5,4m,Matchmaking,OTP,Set 11 BO1,Sapphire/Steel,Amethyst/Sapphire,BO1,,1106,1098,4x Darkwing Duck - Cool Under Pressure; 4x Darkwing Duck - Crime Fighter; 4x Darkwing Duck - Drake Mallard; 3x He Hurled His Thunderbolt; 2x Inkrunner; 4x Judy Hopps - Lead Detective; 4x Judy Hopps - On the Case; 4x Judy Hopps - Uncovering Clues; 4x Let It Go; 2x McHorn - Ice-Cold Officer; 4x Mickey Mouse - Detective; 4x Nick Wilde - Persistent Investigator; 4x Nick Wilde - Sly Fox Sleuth; 2x Pluto - Steel Champion; 4x Sail the Azurite Sea; 4x The Terror That Flaps in the Night; 3x The Thunderquack
2026-03-04,2026-03-04 08:40:18 UTC,Win,Gilberto López,15,1,9,6m,Matchmaking,OTD,Set 11 BO1,Amethyst/Sapphire,Amber/Amethyst,BO1,,1092,1106,4x Basil - Practiced Detective; 2x Belle - Accomplished Mystic; 4x Cheshire Cat - Inexplicable; 4x Demona - Scourge of the Wyvern Clan; 3x Dumbo - Ninth Wonder of the Universe; 4x Elsa - The Fifth Spirit; 2x Genie - Wish Fulfilled; 4x Hades - Infernal Schemer; 3x Hades - Looking for a Deal; 4x Iago - Giant Spectral Parrot; 3x Into the Unknown; 3x Isis Vanderchill - Ice Queen of St. Canard; 4x Junior Woodchuck Guidebook; 4x Let It Go; 4x Rafiki - Mystical Fighter; 4x Sail the Azurite Sea; 4x Tipo - Growing Son
2026-03-04,2026-03-04 07:54:34 UTC,Loss,[HERO] HopsalBychNaJudy,10,17,7,5m,Matchmaking,OTP,Set 11 BO1,Amethyst/Sapphire,Amber/Emerald,BO1,,1102,1092,4x Basil - Practiced Detective; 2x Belle - Accomplished Mystic; 4x Cheshire Cat - Inexplicable; 4x Demona - Scourge of the Wyvern Clan; 3x Dumbo - Ninth Wonder of the Universe; 4x Elsa - The Fifth Spirit; 2x Genie - Wish Fulfilled; 4x Hades - Infernal Schemer; 3x Hades - Looking for a Deal; 4x Iago - Giant Spectral Parrot; 3x Into the Unknown; 3x Isis Vanderchill - Ice Queen of St. Canard; 4x Junior Woodchuck Guidebook; 4x Let It Go; 4x Rafiki - Mystical Fighter; 4x Sail the Azurite Sea; 4x Tipo - Growing Son
2026-03-03,2026-03-03 22:36:01 UTC,Loss,QDIT_Krapfen9,10,6,14,10m,Matchmaking,OTP,Set 11 BO1,Amethyst/Ruby,Amethyst/Sapphire,BO1,,1111,1102,1x Belle - Accomplished Mystic; 4x Cheshire Cat - Inexplicable; 3x Christopher Robin - Joining the Fun; 3x Demona - Scourge of the Wyvern Clan; 4x Diablo - Watchful Raven; 4x Dumbo - Ninth Wonder of the Universe; 4x Elsa - The Fifth Spirit; 2x Genie - Magical Researcher; 4x Genie - Wish Fulfilled; 3x Iago - Giant Spectral Parrot; 4x Junior Woodchuck Guidebook; 4x Lumiere - Fiery Friend; 3x Mulan - Elite Archer; 4x Mulan - Injured Soldier; 1x Olaf - Helping Hand; 4x Palace Guard - Spectral Sentry; 4x Sisu - Emboldened Warrior; 4x The Headless Horseman - Terror of Sleepy Hollow
2026-03-03,2026-03-03 13:02:23 UTC,Win,Eigh,20,14,10,9m,Matchmaking,OTP,Set 11 BO1,Amethyst/Sapphire,Amber/Emerald,BO1,,1099,1111,4x Basil - Practiced Detective; 2x Belle - Accomplished Mystic; 4x Cheshire Cat - Inexplicable; 4x Demona - Scourge of the Wyvern Clan; 3x Dumbo - Ninth Wonder of the Universe; 4x Elsa - The Fifth Spirit; 2x Genie - Wish Fulfilled; 4x Hades - Infernal Schemer; 3x Hades - Looking for a Deal; 4x Iago - Giant Spectral Parrot; 3x Into the Unknown; 3x Isis Vanderchill - Ice Queen of St. Canard; 4x Junior Woodchuck Guidebook; 4x Let It Go; 4x Rafiki - Mystical Fighter; 4x Sail the Azurite Sea; 4x Tipo - Growing Son
2026-03-03,2026-03-03 07:43:23 UTC,Win,Loreway,20,1,11,9m,Matchmaking,OTD,Set 11 BO1,Amethyst/Sapphire,Emerald/Steel,BO1,,1089,1099,4x Basil - Practiced Detective; 1x Belle - Accomplished Mystic; 4x Cheshire Cat - Inexplicable; 4x Demona - Scourge of the Wyvern Clan; 3x Dumbo - Ninth Wonder of the Universe; 4x Elsa - The Fifth Spirit; 2x Genie - Wish Fulfilled; 4x Hades - Infernal Schemer; 4x Hades - Looking for a Deal; 4x Iago - Giant Spectral Parrot; 3x Into the Unknown; 3x Isis Vanderchill - Ice Queen of St. Canard; 4x Junior Woodchuck Guidebook; 4x Let It Go; 4x Rafiki - Mystical Fighter; 4x Sail the Azurite Sea; 4x Tipo - Growing Son
2026-03-03,2026-03-03 07:12:44 UTC,Win,Amiracle,2,0,6,5m,Matchmaking,OTD,Set 11 BO1,Amethyst/Steel,Amber/Ruby,BO1,,1080,1089,3x Angel - Experiment 624; 2x Benja - Guardian of the Dragon Gem; 4x Captain Hook - Forceful Duelist; 4x Cheshire Cat - Inexplicable; 4x Christopher Robin - Joining the Fun; 4x Demona - Scourge of the Wyvern Clan; 4x Doc - Bold Knight; 4x Elsa - The Fifth Spirit; 2x Fire the Cannons!; 2x Genie - Magical Researcher; 3x Genie - Wish Fulfilled; 4x Giant Cobra - Ghostly Serpent; 3x Lexington - Small in Stature; 4x Olaf - Helping Hand; 2x Palace Guard - Spectral Sentry; 3x Pocahontas - Following the Wind; 4x Strength of a Raging Fire; 4x Yzma - Conniving Chemist
2026-03-03,2026-03-03 07:06:19 UTC,Loss,NoName,6,14,9,6m,Matchmaking,OTP,Set 11 BO1,Amethyst/Steel,Amethyst/Steel,BO1,,1090,1080,3x Angel - Experiment 624; 2x Benja - Guardian of the Dragon Gem; 4x Captain Hook - Forceful Duelist; 4x Cheshire Cat - Inexplicable; 4x Christopher Robin - Joining the Fun; 4x Demona - Scourge of the Wyvern Clan; 4x Doc - Bold Knight; 4x Elsa - The Fifth Spirit; 2x Fire the Cannons!; 2x Genie - Magical Researcher; 3x Genie - Wish Fulfilled; 4x Giant Cobra - Ghostly Serpent; 3x Lexington - Small in Stature; 4x Olaf - Helping Hand; 2x Palace Guard - Spectral Sentry; 3x Pocahontas - Following the Wind; 4x Strength of a Raging Fire; 4x Yzma - Conniving Chemist
2026-03-02,2026-03-02 22:49:40 UTC,Win,Aharon,20,6,11,13m,Matchmaking,OTP,Set 11 BO1,Amethyst/Sapphire,Sapphire/Steel,BO1,,1082,1090,4x Basil - Practiced Detective; 1x Belle - Accomplished Mystic; 4x Cheshire Cat - Inexplicable; 4x Demona - Scourge of the Wyvern Clan; 3x Dumbo - Ninth Wonder of the Universe; 4x Elsa - The Fifth Spirit; 2x Genie - Wish Fulfilled; 4x Hades - Infernal Schemer; 4x Hades - Looking for a Deal; 4x Iago - Giant Spectral Parrot; 3x Into the Unknown; 4x Junior Woodchuck Guidebook; 4x Let It Go; 4x Rafiki - Mystical Fighter; 4x Sail the Azurite Sea; 3x Tigger - Bouncing All the Way; 4x Tipo - Growing Son
2026-03-02,2026-03-02 22:38:35 UTC,Loss,IllumiKnight72,2,19,11,11m,Matchmaking,OTP,Set 11 BO1,Amethyst/Sapphire,Amber/Emerald,BO1,,1093,1082,4x Basil - Practiced Detective; 1x Belle - Accomplished Mystic; 4x Cheshire Cat - Inexplicable; 4x Demona - Scourge of the Wyvern Clan; 3x Dumbo - Ninth Wonder of the Universe; 4x Elsa - The Fifth Spirit; 2x Genie - Wish Fulfilled; 4x Hades - Infernal Schemer; 4x Hades - Looking for a Deal; 4x Iago - Giant Spectral Parrot; 3x Into the Unknown; 4x Junior Woodchuck Guidebook; 4x Let It Go; 4x Rafiki - Mystical Fighter; 4x Sail the Azurite Sea; 3x Tigger - Bouncing All the Way; 4x Tipo - Growing Son
2026-03-02,2026-03-02 22:14:03 UTC,Loss,Late4class,11,12,12,10m,Matchmaking,OTP,Set 11 BO1,Amethyst/Sapphire,Amber/Amethyst,BO1,,1102,1093,4x Basil - Practiced Detective; 1x Belle - Accomplished Mystic; 4x Cheshire Cat - Inexplicable; 4x Demona - Scourge of the Wyvern Clan; 3x Dumbo - Ninth Wonder of the Universe; 4x Elsa - The Fifth Spirit; 2x Genie - Wish Fulfilled; 4x Hades - Infernal Schemer; 4x Hades - Looking for a Deal; 4x Iago - Giant Spectral Parrot; 3x Into the Unknown; 4x Junior Woodchuck Guidebook; 4x Let It Go; 4x Rafiki - Mystical Fighter; 4x Sail the Azurite Sea; 3x Tigger - Bouncing All the Way; 4x Tipo - Growing Son
2026-03-02,2026-03-02 22:13:13 UTC,Win,Ferr0,0,0,1,1m,Matchmaking,OTD,Set 11 BO1,Amethyst/Sapphire,Amber/Emerald,BO1,,1082,1102,4x Basil - Practiced Detective; 1x Belle - Accomplished Mystic; 4x Cheshire Cat - Inexplicable; 4x Demona - Scourge of the Wyvern Clan; 3x Dumbo - Ninth Wonder of the Universe; 4x Elsa - The Fifth Spirit; 2x Genie - Wish Fulfilled; 4x Hades - Infernal Schemer; 4x Hades - Looking for a Deal; 4x Iago - Giant Spectral Parrot; 3x Into the Unknown; 4x Junior Woodchuck Guidebook; 4x Let It Go; 4x Rafiki - Mystical Fighter; 4x Sail the Azurite Sea; 3x Tigger - Bouncing All the Way; 4x Tipo - Growing Son
2026-03-02,2026-03-02 16:23:08 UTC,Win,XenoX,11,12,8,7m,Matchmaking,OTP,Set 11 BO1,Amethyst/Steel,Amber/Amethyst,BO1,,1066,1082,3x Angel - Experiment 624; 2x Benja - Guardian of the Dragon Gem; 4x Captain Hook - Forceful Duelist; 4x Cheshire Cat - Inexplicable; 4x Christopher Robin - Joining the Fun; 4x Demona - Scourge of the Wyvern Clan; 4x Doc - Bold Knight; 4x Elsa - The Fifth Spirit; 2x Fire the Cannons!; 2x Genie - Magical Researcher; 3x Genie - Wish Fulfilled; 4x Giant Cobra - Ghostly Serpent; 3x Lexington - Small in Stature; 4x Olaf - Helping Hand; 2x Palace Guard - Spectral Sentry; 3x Pocahontas - Following the Wind; 4x Strength of a Raging Fire; 4x Yzma - Conniving Chemist
2026-03-02,2026-03-02 16:17:26 UTC,Win,XenoX,20,12,7,6m,Matchmaking,OTP,Set 11 BO1,Amethyst/Steel,Amber/Amethyst,BO1,,1051,1066,3x Angel - Experiment 624; 2x Benja - Guardian of the Dragon Gem; 4x Captain Hook - Forceful Duelist; 4x Cheshire Cat - Inexplicable; 4x Christopher Robin - Joining the Fun; 4x Demona - Scourge of the Wyvern Clan; 4x Doc - Bold Knight; 4x Elsa - The Fifth Spirit; 2x Fire the Cannons!; 2x Genie - Magical Researcher; 3x Genie - Wish Fulfilled; 4x Giant Cobra - Ghostly Serpent; 3x Lexington - Small in Stature; 4x Olaf - Helping Hand; 2x Palace Guard - Spectral Sentry; 3x Pocahontas - Following the Wind; 4x Strength of a Raging Fire; 4x Yzma - Conniving Chemist
2026-03-02,2026-03-02 12:48:49 UTC,Win,Ferg,17,0,8,5m,Matchmaking,OTD,Set 11 BO1,Amethyst/Steel,Amber/Emerald,BO1,,1035,1051,3x Angel - Experiment 624; 2x Benja - Guardian of the Dragon Gem; 4x Captain Hook - Forceful Duelist; 4x Cheshire Cat - Inexplicable; 4x Christopher Robin - Joining the Fun; 4x Demona - Scourge of the Wyvern Clan; 4x Doc - Bold Knight; 4x Elsa - The Fifth Spirit; 2x Fire the Cannons!; 2x Genie - Magical Researcher; 3x Genie - Wish Fulfilled; 4x Giant Cobra - Ghostly Serpent; 3x Lexington - Small in Stature; 4x Olaf - Helping Hand; 2x Palace Guard - Spectral Sentry; 3x Pocahontas - Following the Wind; 4x Strength of a Raging Fire; 4x Yzma - Conniving Chemist
2026-03-02,2026-03-02 12:42:20 UTC,Win,Swine Tactics,4,3,7,6m,Matchmaking,OTD,Set 11 BO1,Amethyst/Steel,Amber/Ruby,BO1,,1023,1035,3x Angel - Experiment 624; 2x Benja - Guardian of the Dragon Gem; 4x Captain Hook - Forceful Duelist; 4x Cheshire Cat - Inexplicable; 4x Christopher Robin - Joining the Fun; 4x Demona - Scourge of the Wyvern Clan; 4x Doc - Bold Knight; 4x Elsa - The Fifth Spirit; 2x Fire the Cannons!; 2x Genie - Magical Researcher; 3x Genie - Wish Fulfilled; 4x Giant Cobra - Ghostly Serpent; 3x Lexington - Small in Stature; 4x Olaf - Helping Hand; 2x Palace Guard - Spectral Sentry; 3x Pocahontas - Following the Wind; 4x Strength of a Raging Fire; 4x Yzma - Conniving Chemist
2026-03-02,2026-03-02 12:38:04 UTC,Win,Dekkerboy,2,10,6,4m,Matchmaking,OTP,Set 11 BO1,Amethyst/Steel,Amber/Steel,BO1,,1013,1023,3x Angel - Experiment 624; 2x Benja - Guardian of the Dragon Gem; 4x Captain Hook - Forceful Duelist; 4x Cheshire Cat - Inexplicable; 4x Christopher Robin - Joining the Fun; 4x Demona - Scourge of the Wyvern Clan; 4x Doc - Bold Knight; 4x Elsa - The Fifth Spirit; 2x Fire the Cannons!; 2x Genie - Magical Researcher; 3x Genie - Wish Fulfilled; 4x Giant Cobra - Ghostly Serpent; 3x Lexington - Small in Stature; 4x Olaf - Helping Hand; 2x Palace Guard - Spectral Sentry; 3x Pocahontas - Following the Wind; 4x Strength of a Raging Fire; 4x Yzma - Conniving Chemist
2026-03-02,2026-03-02 12:20:20 UTC,Loss,Arroyo1325,2,10,10,8m,Matchmaking,OTD,Set 11 BO1,Sapphire/Steel,Sapphire/Steel,BO1,,1024,1013,4x Darkwing Duck - Cool Under Pressure; 4x Darkwing Duck - Crime Fighter; 4x Darkwing Duck - Drake Mallard; 3x He Hurled His Thunderbolt; 2x Inkrunner; 4x Judy Hopps - Lead Detective; 4x Judy Hopps - On the Case; 4x Judy Hopps - Uncovering Clues; 4x Let It Go; 2x McHorn - Ice-Cold Officer; 4x Mickey Mouse - Detective; 4x Nick Wilde - Persistent Investigator; 4x Nick Wilde - Sly Fox Sleuth; 2x Pluto - Steel Champion; 4x Sail the Azurite Sea; 4x The Terror That Flaps in the Night; 3x The Thunderquack
2026-03-02,2026-03-02 12:12:29 UTC,Loss,zergulek,15,22,8,7m,Matchmaking,OTP,Set 11 BO1,Sapphire/Steel,Amber/Emerald,BO1,,1037,1024,4x Darkwing Duck - Cool Under Pressure; 4x Darkwing Duck - Crime Fighter; 4x Darkwing Duck - Drake Mallard; 3x He Hurled His Thunderbolt; 2x Inkrunner; 4x Judy Hopps - Lead Detective; 4x Judy Hopps - On the Case; 4x Judy Hopps - Uncovering Clues; 4x Let It Go; 2x McHorn - Ice-Cold Officer; 4x Mickey Mouse - Detective; 4x Nick Wilde - Persistent Investigator; 4x Nick Wilde - Sly Fox Sleuth; 2x Pluto - Steel Champion; 4x Sail the Azurite Sea; 4x The Terror That Flaps in the Night; 3x The Thunderquack
2026-03-02,2026-03-02 12:08:09 UTC,Loss,Olivier,4,13,6,4m,Matchmaking,OTD,Set 11 BO1,Sapphire/Steel,Amethyst/Emerald,BO1,,1046,1037,4x Darkwing Duck - Cool Under Pressure; 4x Darkwing Duck - Crime Fighter; 4x Darkwing Duck - Drake Mallard; 3x He Hurled His Thunderbolt; 2x Inkrunner; 4x Judy Hopps - Lead Detective; 4x Judy Hopps - On the Case; 4x Judy Hopps - Uncovering Clues; 4x Let It Go; 2x McHorn - Ice-Cold Officer; 4x Mickey Mouse - Detective; 4x Nick Wilde - Persistent Investigator; 4x Nick Wilde - Sly Fox Sleuth; 2x Pluto - Steel Champion; 4x Sail the Azurite Sea; 4x The Terror That Flaps in the Night; 3x The Thunderquack
2026-03-02,2026-03-02 12:01:48 UTC,Loss,Jason Response,4,14,11,6m,Matchmaking,OTD,Set 11 BO1,Sapphire/Steel,Ruby/Sapphire,BO1,,1058,1046,4x Darkwing Duck - Cool Under Pressure; 4x Darkwing Duck - Crime Fighter; 4x Darkwing Duck - Drake Mallard; 3x He Hurled His Thunderbolt; 2x Inkrunner; 4x Judy Hopps - Lead Detective; 4x Judy Hopps - On the Case; 4x Judy Hopps - Uncovering Clues; 4x Let It Go; 2x McHorn - Ice-Cold Officer; 4x Mickey Mouse - Detective; 4x Nick Wilde - Persistent Investigator; 4x Nick Wilde - Sly Fox Sleuth; 2x Pluto - Steel Champion; 4x Sail the Azurite Sea; 4x The Terror That Flaps in the Night; 3x The Thunderquack
2026-03-02,2026-03-02 11:51:14 UTC,Win,fcbtino,18,12,11,10m,Matchmaking,OTP,Set 11 BO1,Sapphire/Steel,Amber/Emerald,BO1,,1050,1058,4x Darkwing Duck - Cool Under Pressure; 4x Darkwing Duck - Crime Fighter; 4x Darkwing Duck - Drake Mallard; 3x He Hurled His Thunderbolt; 2x Inkrunner; 4x Judy Hopps - Lead Detective; 4x Judy Hopps - On the Case; 4x Judy Hopps - Uncovering Clues; 4x Let It Go; 2x McHorn - Ice-Cold Officer; 4x Mickey Mouse - Detective; 4x Nick Wilde - Persistent Investigator; 4x Nick Wilde - Sly Fox Sleuth; 2x Pluto - Steel Champion; 4x Sail the Azurite Sea; 4x The Terror That Flaps in the Night; 3x The Thunderquack
2026-03-02,2026-03-02 07:51:28 UTC,Loss,[ALTAINK] Vanhi,11,20,8,6m,Matchmaking,OTD,Set 11 BO1,Sapphire/Steel,Amethyst/Steel,BO1,,1062,1050,4x Cinderella - Dream Come True; 2x Doc - Bold Knight; 3x Goliath - Clan Leader; 4x Hades - Infernal Schemer; 3x He Hurled His Thunderbolt; 2x Inkrunner; 4x Jasmine - Resourceful Infiltrator; 4x Jasmine - Steady Strategist; 4x Let It Go; 3x Mulan - Disguised Soldier; 2x Namaari - Single-Minded Rival; 4x Pete - Ghost of Christmas Future; 2x Pluto - Steel Champion; 4x Sail the Azurite Sea; 3x Scuttle - Birdbrained; 4x Tinker Bell - Giant Fairy; 4x Tipo - Growing Son; 4x Vincenzo Santorini - The Explosives Expert
2026-03-02,2026-03-02 07:44:24 UTC,Loss,RaY!,6,1,9,7m,Matchmaking,OTP,Set 11 BO1,Amethyst/Steel,Amethyst/Sapphire,BO1,,1073,1062,4x Black Heron - Real Bad Egg; 3x Calhoun - Marine Sergeant; 4x Captain Hook - Forceful Duelist; 4x Cheshire Cat - Inexplicable; 4x Christopher Robin - Joining the Fun; 4x Demona - Scourge of the Wyvern Clan; 4x Doc - Bold Knight; 3x Dolores Madrigal - Easy Listener; 4x Elsa - The Fifth Spirit; 2x Fire the Cannons!; 3x Genie - Wish Fulfilled; 4x Giant Cobra - Ghostly Serpent; 4x Lexington - Small in Stature; 4x Olaf - Helping Hand; 2x Palace Guard - Spectral Sentry; 4x Strength of a Raging Fire; 3x Tigger - Bouncing All the Way
2026-03-02,2026-03-02 07:15:04 UTC,Loss,Korken,1,10,6,5m,Matchmaking,OTP,Set 11 BO1,Amethyst/Sapphire,Amethyst/Steel,BO1,,1084,1073,4x Basil - Practiced Detective; 4x Cheshire Cat - Inexplicable; 4x Demona - Scourge of the Wyvern Clan; 3x Dumbo - Ninth Wonder of the Universe; 4x Elsa - The Fifth Spirit; 3x Genie - Wish Fulfilled; 4x Hades - Infernal Schemer; 3x Hades - Looking for a Deal; 3x Iago - Giant Spectral Parrot; 3x Into the Unknown; 4x Junior Woodchuck Guidebook; 4x Let It Go; 2x Madam Mim - Elephant; 4x Rafiki - Mystical Fighter; 4x Sail the Azurite Sea; 3x Tigger - Bouncing All the Way; 4x Tipo - Growing Son
2026-03-02,2026-03-02 06:55:01 UTC,Loss,Bestfriesever,15,19,22,20m,Matchmaking,OTD,Set 11 BO1,Amethyst/Sapphire,Amber/Amethyst,BO1,,1098,1084,4x Basil - Practiced Detective; 4x Cheshire Cat - Inexplicable; 4x Demona - Scourge of the Wyvern Clan; 3x Dumbo - Ninth Wonder of the Universe; 4x Elsa - The Fifth Spirit; 3x Genie - Wish Fulfilled; 4x Hades - Infernal Schemer; 3x Hades - Looking for a Deal; 3x Iago - Giant Spectral Parrot; 3x Into the Unknown; 4x Junior Woodchuck Guidebook; 4x Let It Go; 2x Madam Mim - Elephant; 4x Rafiki - Mystical Fighter; 4x Sail the Azurite Sea; 3x Tigger - Bouncing All the Way; 4x Tipo - Growing Son
2026-03-01,2026-03-01 23:15:32 UTC,Loss,Michael Nomar,13,16,14,11m,Matchmaking,OTP,Set 11 BO1,Amethyst/Sapphire,Amethyst/Steel,BO1,,1106,1098,4x Basil - Practiced Detective; 4x Cheshire Cat - Inexplicable; 4x Demona - Scourge of the Wyvern Clan; 3x Dumbo - Ninth Wonder of the Universe; 4x Elsa - The Fifth Spirit; 3x Genie - Wish Fulfilled; 4x Hades - Infernal Schemer; 4x Hades - Looking for a Deal; 4x Iago - Giant Spectral Parrot; 3x Into the Unknown; 4x Junior Woodchuck Guidebook; 4x Let It Go; 4x Rafiki - Mystical Fighter; 4x Sail the Azurite Sea; 3x Tigger - Bouncing All the Way; 4x Tipo - Growing Son
2026-03-01,2026-03-01 23:10:26 UTC,Win,wakinglife,8,0,7,5m,Matchmaking,OTD,Set 11 BO1,Amethyst/Sapphire,Amber/Emerald,BO1,,1095,1106,4x Basil - Practiced Detective; 4x Cheshire Cat - Inexplicable; 4x Demona - Scourge of the Wyvern Clan; 3x Dumbo - Ninth Wonder of the Universe; 4x Elsa - The Fifth Spirit; 3x Genie - Wish Fulfilled; 4x Hades - Infernal Schemer; 4x Hades - Looking for a Deal; 4x Iago - Giant Spectral Parrot; 3x Into the Unknown; 4x Junior Woodchuck Guidebook; 4x Let It Go; 4x Rafiki - Mystical Fighter; 4x Sail the Azurite Sea; 3x Tigger - Bouncing All the Way; 4x Tipo - Growing Son
2026-03-01,2026-03-01 20:55:06 UTC,Loss,Autres,11,7,10,10m,Matchmaking,OTP,Set 11 BO1,Amethyst/Sapphire,Emerald/Sapphire,BO1,,1102,1095,4x Basil - Practiced Detective; 4x Cheshire Cat - Inexplicable; 4x Demona - Scourge of the Wyvern Clan; 3x Dumbo - Ninth Wonder of the Universe; 4x Elsa - The Fifth Spirit; 3x Genie - Wish Fulfilled; 4x Hades - Infernal Schemer; 4x Hades - Looking for a Deal; 3x Iago - Giant Spectral Parrot; 3x Into the Unknown; 4x Junior Woodchuck Guidebook; 4x Let It Go; 4x Rafiki - Mystical Fighter; 4x Sail the Azurite Sea; 1x Second Star to the Right; 3x Tigger - Bouncing All the Way; 4x Tipo - Growing Son
2026-03-01,2026-03-01 19:15:10 UTC,Win,Don,16,2,13,10m,Matchmaking,OTD,Set 11 BO1,Amethyst/Sapphire,Emerald/Sapphire,BO1,,1091,1102,4x Basil - Practiced Detective; 4x Cheshire Cat - Inexplicable; 4x Demona - Scourge of the Wyvern Clan; 3x Dumbo - Ninth Wonder of the Universe; 4x Elsa - The Fifth Spirit; 3x Genie - Wish Fulfilled; 4x Hades - Infernal Schemer; 4x Hades - Looking for a Deal; 3x Iago - Giant Spectral Parrot; 3x Into the Unknown; 4x Junior Woodchuck Guidebook; 4x Let It Go; 4x Rafiki - Mystical Fighter; 4x Sail the Azurite Sea; 1x Second Star to the Right; 3x Tigger - Bouncing All the Way; 4x Tipo - Growing Son
2026-03-01,2026-03-01 19:06:35 UTC,Loss,autofcontrol,11,17,11,8m,Matchmaking,OTP,Set 11 BO1,Amethyst/Sapphire,Amethyst/Steel,BO1,,1100,1091,4x Basil - Practiced Detective; 4x Cheshire Cat - Inexplicable; 4x Demona - Scourge of the Wyvern Clan; 3x Dumbo - Ninth Wonder of the Universe; 4x Elsa - The Fifth Spirit; 3x Genie - Wish Fulfilled; 4x Hades - Infernal Schemer; 4x Hades - Looking for a Deal; 3x Iago - Giant Spectral Parrot; 3x Into the Unknown; 4x Junior Woodchuck Guidebook; 4x Let It Go; 4x Rafiki - Mystical Fighter; 4x Sail the Azurite Sea; 1x Second Star to the Right; 3x Tigger - Bouncing All the Way; 4x Tipo - Growing Son
2026-03-01,2026-03-01 18:41:24 UTC,Win,TcgAvenger,21,3,12,10m,Matchmaking,OTD,Set 11 BO1,Amethyst/Sapphire,Amber/Steel,BO1,,1088,1100,4x Basil - Practiced Detective; 4x Cheshire Cat - Inexplicable; 4x Demona - Scourge of the Wyvern Clan; 3x Dumbo - Ninth Wonder of the Universe; 4x Elsa - The Fifth Spirit; 3x Genie - Wish Fulfilled; 4x Hades - Infernal Schemer; 4x Hades - Looking for a Deal; 3x Iago - Giant Spectral Parrot; 3x Into the Unknown; 4x Junior Woodchuck Guidebook; 4x Let It Go; 4x Rafiki - Mystical Fighter; 4x Sail the Azurite Sea; 1x Second Star to the Right; 3x Tigger - Bouncing All the Way; 4x Tipo - Growing Son
2026-02-28,2026-02-28 22:51:26 UTC,Loss,pop,4,8,11,9m,Matchmaking,OTD,Set 11 BO1,Amethyst/Sapphire,Amber/Amethyst,BO1,,1097,1088,4x Basil - Practiced Detective; 4x Cheshire Cat - Inexplicable; 4x Demona - Scourge of the Wyvern Clan; 3x Dumbo - Ninth Wonder of the Universe; 4x Elsa - The Fifth Spirit; 3x Genie - Wish Fulfilled; 4x Hades - Infernal Schemer; 4x Hades - Looking for a Deal; 3x Iago - Giant Spectral Parrot; 3x Into the Unknown; 4x Junior Woodchuck Guidebook; 4x Let It Go; 4x Rafiki - Mystical Fighter; 4x Sail the Azurite Sea; 1x Second Star to the Right; 3x Tigger - Bouncing All the Way; 4x Tipo - Growing Son
2026-02-28,2026-02-28 22:44:24 UTC,Win,Tarkhos,16,6,9,7m,Matchmaking,OTP,Set 11 BO1,Amethyst/Sapphire,Amethyst/Steel,BO1,,1076,1097,4x Basil - Practiced Detective; 4x Cheshire Cat - Inexplicable; 4x Demona - Scourge of the Wyvern Clan; 3x Dumbo - Ninth Wonder of the Universe; 4x Elsa - The Fifth Spirit; 3x Genie - Wish Fulfilled; 4x Hades - Infernal Schemer; 4x Hades - Looking for a Deal; 3x Iago - Giant Spectral Parrot; 3x Into the Unknown; 4x Junior Woodchuck Guidebook; 4x Let It Go; 4x Rafiki - Mystical Fighter; 4x Sail the Azurite Sea; 1x Second Star to the Right; 3x Tigger - Bouncing All the Way; 4x Tipo - Growing Son
2026-02-28,2026-02-28 16:56:57 UTC,Win,simograj,6,8,6,6m,Matchmaking,OTP,Set 11 BO1,Amethyst/Steel,Amber/Emerald,BO1,,1062,1076,3x Angel - Experiment 624; 2x Benja - Guardian of the Dragon Gem; 4x Captain Hook - Forceful Duelist; 4x Cheshire Cat - Inexplicable; 4x Christopher Robin - Joining the Fun; 4x Demona - Scourge of the Wyvern Clan; 4x Doc - Bold Knight; 4x Elsa - The Fifth Spirit; 2x Fire the Cannons!; 2x Genie - Magical Researcher; 3x Genie - Wish Fulfilled; 4x Giant Cobra - Ghostly Serpent; 3x Lexington - Small in Stature; 4x Olaf - Helping Hand; 2x Palace Guard - Spectral Sentry; 3x Pocahontas - Following the Wind; 4x Strength of a Raging Fire; 4x Yzma - Conniving Chemist
2026-02-28,2026-02-28 16:42:59 UTC,Win,cardsaddict,16,0,10,8m,Matchmaking,OTP,Set 11 BO1,Amethyst/Steel,Amethyst/Steel,BO1,,1045,1062,3x Angel - Experiment 624; 2x Benja - Guardian of the Dragon Gem; 4x Captain Hook - Forceful Duelist; 4x Cheshire Cat - Inexplicable; 4x Christopher Robin - Joining the Fun; 4x Demona - Scourge of the Wyvern Clan; 4x Doc - Bold Knight; 4x Elsa - The Fifth Spirit; 2x Fire the Cannons!; 2x Genie - Magical Researcher; 3x Genie - Wish Fulfilled; 4x Giant Cobra - Ghostly Serpent; 3x Lexington - Small in Stature; 4x Olaf - Helping Hand; 2x Palace Guard - Spectral Sentry; 3x Pocahontas - Following the Wind; 4x Strength of a Raging Fire; 4x Yzma - Conniving Chemist
2026-02-28,2026-02-28 16:33:41 UTC,Win,y0ch1,15,6,8,9m,Matchmaking,OTP,Set 11 BO1,Amethyst/Steel,Amber/Emerald,BO1,,1034,1045,3x Angel - Experiment 624; 2x Benja - Guardian of the Dragon Gem; 4x Captain Hook - Forceful Duelist; 4x Cheshire Cat - Inexplicable; 4x Christopher Robin - Joining the Fun; 4x Demona - Scourge of the Wyvern Clan; 4x Doc - Bold Knight; 4x Elsa - The Fifth Spirit; 2x Fire the Cannons!; 2x Genie - Magical Researcher; 3x Genie - Wish Fulfilled; 4x Giant Cobra - Ghostly Serpent; 3x Lexington - Small in Stature; 4x Olaf - Helping Hand; 2x Palace Guard - Spectral Sentry; 3x Pocahontas - Following the Wind; 4x Strength of a Raging Fire; 4x Yzma - Conniving Chemist
2026-02-28,2026-02-28 11:59:24 UTC,Win,IVKR_Malbord,20,18,14,8m,Matchmaking,OTP,Set 11 BO1,Amethyst/Sapphire,Amber/Sapphire,BO1,,1022,1034,4x Basil - Practiced Detective; 4x Cheshire Cat - Inexplicable; 4x Demona - Scourge of the Wyvern Clan; 3x Dumbo - Ninth Wonder of the Universe; 4x Elsa - The Fifth Spirit; 3x Genie - Wish Fulfilled; 4x Hades - Infernal Schemer; 4x Hades - Looking for a Deal; 3x Iago - Giant Spectral Parrot; 3x Into the Unknown; 4x Junior Woodchuck Guidebook; 4x Let It Go; 4x Rafiki - Mystical Fighter; 4x Sail the Azurite Sea; 1x Second Star to the Right; 3x Tigger - Bouncing All the Way; 4x Tipo - Growing Son
2026-02-28,2026-02-28 11:52:22 UTC,Loss,JoeryBeer,3,16,11,6m,Matchmaking,OTD,Set 11 BO1,Amethyst/Sapphire,Sapphire/Steel,BO1,,1036,1022,4x Basil - Practiced Detective; 4x Cheshire Cat - Inexplicable; 4x Demona - Scourge of the Wyvern Clan; 3x Dumbo - Ninth Wonder of the Universe; 4x Elsa - The Fifth Spirit; 3x Genie - Wish Fulfilled; 4x Hades - Infernal Schemer; 4x Hades - Looking for a Deal; 3x Iago - Giant Spectral Parrot; 3x Into the Unknown; 4x Junior Woodchuck Guidebook; 4x Let It Go; 4x Rafiki - Mystical Fighter; 4x Sail the Azurite Sea; 1x Second Star to the Right; 3x Tigger - Bouncing All the Way; 4x Tipo - Growing Son
2026-02-27,2026-02-27 22:26:42 UTC,Win,Patriotparks,20,11,14,10m,Matchmaking,OTD,Set 11 BO1,Amethyst/Sapphire,Amber/Sapphire,BO1,,1028,1036,4x Basil - Practiced Detective; 4x Cheshire Cat - Inexplicable; 4x Demona - Scourge of the Wyvern Clan; 3x Dumbo - Ninth Wonder of the Universe; 4x Elsa - The Fifth Spirit; 3x Genie - Wish Fulfilled; 4x Hades - Infernal Schemer; 4x Hades - Looking for a Deal; 3x Iago - Giant Spectral Parrot; 3x Into the Unknown; 4x Junior Woodchuck Guidebook; 4x Let It Go; 4x Royal Guard - Octopus Soldier; 4x Sail the Azurite Sea; 1x Second Star to the Right; 3x Tigger - Bouncing All the Way; 4x Tipo - Growing Son
2026-02-27,2026-02-27 15:17:36 UTC,Loss,NaylorCana,19,18,16,21m,Matchmaking,OTP,Set 11 BO1,Amethyst/Sapphire,Sapphire/Steel,BO1,,1041,1028,4x Basil - Practiced Detective; 4x Cheshire Cat - Inexplicable; 4x Demona - Scourge of the Wyvern Clan; 3x Dumbo - Ninth Wonder of the Universe; 4x Elsa - The Fifth Spirit; 3x Genie - Wish Fulfilled; 4x Hades - Infernal Schemer; 4x Hades - Looking for a Deal; 3x Iago - Giant Spectral Parrot; 3x Into the Unknown; 4x Junior Woodchuck Guidebook; 4x Let It Go; 4x Royal Guard - Octopus Soldier; 4x Sail the Azurite Sea; 1x Second Star to the Right; 3x Tigger - Bouncing All the Way; 4x Tipo - Growing Son
2026-02-27,2026-02-27 14:26:39 UTC,Win,K1ng_Wzrd_,15,10,14,10m,Matchmaking,OTD,Set 11 BO1,Amethyst/Sapphire,Sapphire/Steel,BO1,,1031,1041,4x Basil - Practiced Detective; 4x Cheshire Cat - Inexplicable; 4x Demona - Scourge of the Wyvern Clan; 3x Dumbo - Ninth Wonder of the Universe; 4x Elsa - The Fifth Spirit; 3x Genie - Wish Fulfilled; 4x Hades - Infernal Schemer; 4x Hades - Looking for a Deal; 3x Iago - Giant Spectral Parrot; 3x Into the Unknown; 4x Junior Woodchuck Guidebook; 4x Let It Go; 4x Royal Guard - Octopus Soldier; 4x Sail the Azurite Sea; 1x Second Star to the Right; 3x Tigger - Bouncing All the Way; 4x Tipo - Growing Son
2026-02-27,2026-02-27 13:58:48 UTC,Win,Malferon,12,0,12,10m,Matchmaking,OTP,Set 11 BO1,Amethyst/Sapphire,Sapphire/Steel,BO1,,1016,1031,4x Basil - Practiced Detective; 4x Cheshire Cat - Inexplicable; 4x Demona - Scourge of the Wyvern Clan; 3x Dumbo - Ninth Wonder of the Universe; 4x Elsa - The Fifth Spirit; 3x Genie - Wish Fulfilled; 4x Hades - Infernal Schemer; 4x Hades - Looking for a Deal; 3x Iago - Giant Spectral Parrot; 3x Into the Unknown; 4x Junior Woodchuck Guidebook; 4x Let It Go; 4x Royal Guard - Octopus Soldier; 4x Sail the Azurite Sea; 1x Second Star to the Right; 3x Tigger - Bouncing All the Way; 4x Tipo - Growing Son
2026-02-27,2026-02-27 09:24:25 UTC,Loss,Rorxs,0,13,11,16m,Matchmaking,OTD,Set 11 BO1,Amethyst/Sapphire,Amethyst/Steel,BO1,,1027,1016,4x Basil - Practiced Detective; 4x Cheshire Cat - Inexplicable; 4x Demona - Scourge of the Wyvern Clan; 3x Dumbo - Ninth Wonder of the Universe; 4x Elsa - The Fifth Spirit; 3x Genie - Wish Fulfilled; 4x Hades - Infernal Schemer; 4x Hades - Looking for a Deal; 3x Iago - Giant Spectral Parrot; 3x Into the Unknown; 4x Junior Woodchuck Guidebook; 4x Let It Go; 4x Royal Guard - Octopus Soldier; 4x Sail the Azurite Sea; 1x Second Star to the Right; 3x Tigger - Bouncing All the Way; 4x Tipo - Growing Son